,id,nombre,apellido,direccion,cp,tlf
0,1,Juan,Gomez,Calle Alegre 23,28803,695403293
1,2,Maria,Lopez,Avenida Principal 45,28807,698321923
2,3,Carlos,Martinez,Plaza Central 789,28803,928346019
3,4,Ana,Fernandez,Calle Tranquila 321,28804,659438212
4,5,Pablo,Rodriguez,Calle Falsa 23,28806,689323008
5,6,Laura,Garcia,Avenida Troncal 2,28803,639452877
6,7,Jose,Sanchez,Calle Centrica s/n,28803,633948502
7,8,Carmen,Perez,Plaza Mayor 4,28806,913746654
8,9,Sara,Hernandez,"Avenida de la Constitucion, 4",28807,678332065
9,10,Javier,Gutierrez,Calle Trece 2,28803,677893446
10,11,Isabel,Diaz,Plaza del Arroyo 12,28802,914469237
